MLA1150996525	MLA	Microondas Grill Bgh B228dn20   Negro 28l 220v	239999.52	50	http://http2.mlstatic.com/D_762921-MLA50864926174_072022-I.jpg	20250312
MLA921453739	MLA	Microondas Bgh Quick Chef B223ds20 Digital Eco 23l	224999.5	150	http://http2.mlstatic.com/D_679135-MLU72748485525_112023-I.jpg	20250312
MLA1487905186	MLA	Horno Microondas Con Grill LG - 42 Litros Mh8298dir	488999	1	http://http2.mlstatic.com/D_871228-MLU72903703429_112023-I.jpg	20250312
MLA1480401383	MLA	Microondas B120m20 Mecánico Quick Chef Blanco 20 Litros	149999	500	http://http2.mlstatic.com/D_835741-MLU75808730812_042024-I.jpg	20250312
MLA929616779	MLA	Microondas Grill Bgh Quick Chef B228db9 Blanco 28l 220v	252730.59	1	http://http2.mlstatic.com/D_815777-MLU72650817795_112023-I.jpg	20250312
MLA1931266594	MLA	Microondas Digital Atma Matdgb23uap 23 Litros Grill 900w Negro	196317	1	http://http2.mlstatic.com/D_873505-MLA80361625940_112024-I.jpg	20250312
MLA1474123777	MLA	Microondas Digital Philco Mphdw20uap Color Blanco 700w 20 Litros 220v	179189	50	http://http2.mlstatic.com/D_899204-MLA82183275343_012025-I.jpg	20250312
MLA1387978941	MLA	Microondas Grill Samsung De Interior Cerámico Mg23f3k3tak 23l Negro	289999	1	http://http2.mlstatic.com/D_683386-MLU72752581668_112023-I.jpg	20250312
MLA918105273	MLA	Microondas Bgh 28 Litros 220v Digital Eco B228ds20	294997.42	50	http://http2.mlstatic.com/D_964554-MLA80406162724_112024-I.jpg	20250312
MLA1478125337	MLA	Microondas Bgh Eco Negro Digital 20 Litros 700w Monofunción	209299.09	1	http://http2.mlstatic.com/D_915495-MLA51372282399_092022-I.jpg	20250312
MLA913400938	MLA	Microondas Bgh Quick Chef B120db9   Blanco 20l 220v	209995	1	http://http2.mlstatic.com/D_739532-MLU72581100810_112023-I.jpg	20250312
MLA1973680054	MLA	Microondas Bgh B223dn20 Eco Digital 23l 800w 220v Negro	233249	1	http://http2.mlstatic.com/D_751425-MLA80340662855_102024-I.jpg	20250312
MLA1465542463	MLA	Microondas Digital Winco 20 Lts Panel Digital 700 Watts	157999	1	http://http2.mlstatic.com/D_725360-MLA81061341472_122024-I.jpg	20250312
MLA1913284810	MLA	Microondas Digital Atma Matdb20cnpi 20 L 700w	206999	500	http://http2.mlstatic.com/D_893080-MLU74306885980_022024-I.jpg	20250312
MLA2028550252	MLA	Microondas Samsung Grill Cerámico Triple Distribución 23l Silver	383999.2	1	http://http2.mlstatic.com/D_745623-MLA52027686937_102022-I.jpg	20250312
MLA1465426825	MLA	Microondas Whirlpool Con Grill 25 Lts Wms25bs	347099	50	http://http2.mlstatic.com/D_785514-MLA52127401082_102022-I.jpg	20250312
MLA2010188798	MLA	Microondas Philco Mphrw20uap 700 W 20 Litros Blanco	136039	200	http://http2.mlstatic.com/D_763768-MLA81005983500_122024-I.jpg	20250312
MLA2028500216	MLA	Microondas Grill Samsung Mg28f3k3tas Plata 28l 220v	415999.2	1	http://http2.mlstatic.com/D_716203-MLU72821332785_112023-I.jpg	20250312
MLA1476462553	MLA	Microondas Digital Con Grill Atma 28l 900w Matdgb28uap Negro	259379	1	http://http2.mlstatic.com/D_871434-MLA79166828128_092024-I.jpg	20250312
MLA1375128807	MLA	Horno Microondas Digital Grill Renacer 23lts 800w Cr823mg	265960	1	http://http2.mlstatic.com/D_772171-MLA47425763143_092021-I.jpg	20250312
MLA1110363803	MLA	Microondas Whirlpool 20litros Wms20as Silver	228999	1	http://http2.mlstatic.com/D_995275-MLA79540975070_102024-I.jpg	20250312
MLA2019352596	MLA	Microondas Ultracomb 20lts Hm8020 700 W Negro Digital	169028.31	250	http://http2.mlstatic.com/D_898789-MLA82629903491_022025-I.jpg	20250312
MLA1450660377	MLA	Microondas Vitta Mecanico 23l Vit-mw2xlx002 700w Blanco	129869.1	50	http://http2.mlstatic.com/D_837514-MLA81774630385_012025-I.jpg	20250312
MLA1943087058	MLA	Microondas Glass Cook 20l Tramontina	163999	1	http://http2.mlstatic.com/D_796069-MLA80970902035_112024-I.jpg	20250312
MLA1943152554	MLA	Microondas Digital Con Grill Atma Matdgb23cnpi 23 L 900w	274399	1	http://http2.mlstatic.com/D_912066-MLU74423190453_022024-I.jpg	20250312
MLA2010251520	MLA	Microondas Atma Digital Matdb20cn 20lts 700w	183363.81	200	http://http2.mlstatic.com/D_879107-MLA82438634883_022025-I.jpg	20250312
MLA1550165900	MLA	Microondas Empotrable Philco Predicta Mppbts25ap 25l 900w	434413	1	http://http2.mlstatic.com/D_616260-MLU75809690224_042024-I.jpg	20250312
MLA1463218969	MLA	Microondas Kanji 23 Litros Mw23lx001 Digital 1	196958	150	http://http2.mlstatic.com/D_983321-MLA51824615038_102022-I.jpg	20250312
MLA1463080697	MLA	Microondas Samsung Conveccion Air Fry 32l Black	769999	1	http://http2.mlstatic.com/D_917610-MLA80585844380_112024-I.jpg	20250312
MLA1124904372	MLA	Microondas 25 Lt Digital Rca	429899	1	http://http2.mlstatic.com/D_829312-MLU77554547317_072024-I.jpg	20250312
MLA913217086	MLA	Microondas Smart Con Tecnología Hotblast 28l Mc28m6055ck	741613	1	http://http2.mlstatic.com/D_880488-MLU72563928212_112023-I.jpg	20250312
MLA2019131488	MLA	Microondas Ultracomb Hm-8020 20l 700w Negro	191296.93	250	http://http2.mlstatic.com/D_898789-MLA82629903491_022025-I.jpg	20250312
MLA1475808985	MLA	Microondas Digital Philco Mphdw23uap 900 W 23l Blanco	225224	200	http://http2.mlstatic.com/D_680686-MLA81277351843_122024-I.jpg	20250312
MLA1474499055	MLA	Microondas Whirlpool Cocina Vapor Y Gril 25 Litros Mcp346sl	374900	1	http://http2.mlstatic.com/D_859290-MLA80292163413_102024-I.jpg	20250312
MLA1683133304	MLA	Microondas Samsung Bespoke Grill Fry Ceramico 30 L Gris	551899	50	http://http2.mlstatic.com/D_877064-MLU75779151036_042024-I.jpg	20250312
MLA1961742574	MLA	Microondas Whirlpool Wms20bs 20lts Plata	228999	1	http://http2.mlstatic.com/D_797352-MLA80713268977_112024-I.jpg	20250312
MLA2020256050	MLA	Microondas Vitta Mecanico 23l Vit-mw2xlx002 700w Blanco	126553.5	50	http://http2.mlstatic.com/D_904626-MLA82397676062_022025-I.jpg	20250312
MLA1471168539	MLA	Microondas Grill Atma Easy Cook Md1723gn Blanco 23l 220v	258479	1	http://http2.mlstatic.com/D_841302-MLU72653654647_112023-I.jpg	20250312
MLA1421791789	MLA	Microondas Grill Bosch Serie 6 Bel554ms0 Empotrable 25l	2349618	1	http://http2.mlstatic.com/D_816437-MLU73936757421_012024-I.jpg	20250312
MLA2021575384	MLA	Microondas Kanjihome Kjh-mw2xlx001 23 Lts Digital	204573	1	http://http2.mlstatic.com/D_826006-MLA81187492089_122024-I.jpg	20250312
MLA2005438080	MLA	Microondas Mecánico Renacer 20 Litros Color Blanco 700w 5 Niveles	198706	1	http://http2.mlstatic.com/D_725954-MLA79581630328_102024-I.jpg	20250312
MLA1995537224	MLA	Microondas Samsung Grill Ceramico Triple Distribucion 23 Lit	293849.1	100	http://http2.mlstatic.com/D_691515-MLA82536798272_032025-I.jpg	20250312
MLA1448420303	MLA	Microondas Daewoo 23 Litros Bifunción Digital 800w Blanco	263471	1	http://http2.mlstatic.com/D_815826-MLU78057521907_072024-I.jpg	20250312
MLA1481073301	MLA	Microondas Whirlpool Wmg30ab Con Grill 30 Litros Blanco	465800	1	http://http2.mlstatic.com/D_777328-MLA50484281270_062022-I.jpg	20250312
MLA1451902973	MLA	Microondas C/ Airfryer Bgh B330dfn24 Conveccion Grill 30l Cs	422441.25	1	http://http2.mlstatic.com/D_763408-MLA79392829384_092024-I.jpg	20250312
MLA922684636	MLA	Microondas Grill Bgh Quick Chef B228ds20   Silver 28l 220v	284799	150	http://http2.mlstatic.com/D_680391-MLA45456564555_042021-I.jpg	20250312
MLA2001428328	MLA	Microondas Tramontina Glass Cook 20l 220v Color Silver/negro	214999	1	http://http2.mlstatic.com/D_728251-MLA79971330262_102024-I.jpg	20250312
MLA1421762447	MLA	Horno Microondas Digital 20 Litros Display Digital Goldstar Mic-20 Potencia 1050 W	189990	1	http://http2.mlstatic.com/D_801451-MLU78166135555_082024-I.jpg	20250312
MLA1494782960	MLA	Microondas Whirlpool Con Grill Y Convección 25 Litros	489999	1	http://http2.mlstatic.com/D_913776-MLU71099245280_082023-I.jpg	20250312
